
{
  "name": "KeyclicksAlice",
  "vendorId": "0x0006",
  "productId": "0xFEED",
  "matrix": {
    "rows": 5,
    "cols": 14
  },
  "layouts": {
      "keymap": [
        [
          {
            "y": 0.9,
            "x": 0.45
          },
          "1,0",
          {
            "x": 2.25
          },
          "0,2"
        ],
        [
          {
            "y": -0.95,
            "x": 13.25
          },
          "0,9",
          "0,8",
          {
            "w": 2
          },
          "0,7"
        ],
        [
          {
            "y": -0.95,
            "x": 1.7
          },
          "0,0",
          "0,1"
        ],
        [
          {
            "y": -0.10000000000000009,
            "x": 0.23
          },
          "2,0"
        ],
        [
          {
            "y": -0.95,
            "x": 12.97
          },
          "1,9",
          "1,8",
          "1,7",
          {
            "w": 1.5
          },
          "2,7"
        ],
        [
          {
            "y": -0.9500000000000002,
            "x": 1.48,
            "w": 1.5
          },
          "1,1",
          "1,2"
        ],
        [
          {
            "y": -0.10000000000000009,
            "x": 0.05
          },
          "3,0"
        ],
        [
          {
            "y": -0.9499999999999997,
            "x": 13.32
          },
          "2,9",
          "2,8",
          {
            "w": 2.25
          },
          "4,7"
        ],
        [
          {
            "y": -0.9500000000000002,
            "x": 1.3,
            "w": 1.75
          },
          "2,1",
          "2,2"
        ],
        [
          {
            "y": -0.04999999999999982,
            "x": 13.1
          },
          "3,9",
          "3,8",
          "3,7",
          {
            "w": 1.75
          },
          "4,8"
        ],
        [
          {
            "y": -0.9500000000000002,
            "x": 1.1,
            "w": 2.25
          },
          "3,1",
          "3,2"
        ],
        [
          {
            "y": -0.04999999999999982,
            "x": 14.1
          },
          "4,11",
          "4,10",
          "4,9"
        ],
        [
          {
            "y": -0.9500000000000002,
            "x": 1.1,
            "w": 1.25
          },
          "4,3",
          {
            "w": 1.25
          },
          "4,4"
        ],
        [
          {
            "r": 12,
            "y": -6,
            "x": 5
          },
          "0,3",
          "0,4",
          "0,5",
          "0,6"
        ],
        [
          {
            "x": 4.5
          },
          "1,3",
          "1,4",
          "1,5",
          "1,6"
        ],
        [
          {
            "x": 4.8
          },
          "2,3",
          "2,4",
          "2,5",
          "2,6"
        ],
        [
          {
            "x": 5.3
          },
          "3,3",
          "3,4",
          "3,5",
          "3,6"
        ],
        [
          {
            "x": 5.8,
            "w": 1.25
          },
          "4,5",
          {
            "w": 2.25
          },
          "4,6"
        ],
        [
          {
            "r": -12,
            "y": -1.4,
            "x": 8.55
          },
          "0,13",
          "0,12",
          "0,11",
          "0,10"
        ],
        [
          {
            "x": 8.05
          },
          "1,13",
          "1,12",
          "1,11",
          "1,10"
        ],
        [
          {
            "x": 8.2
          },
          "2,13",
          "2,12",
          "2,11",
          "2,10"
        ],
        [
          {
            "x": 7.75
          },
          "3,13",
          "3,12",
          "3,11",
          "3,10"
        ],
        [
          {
            "x": 7.75,
            "w": 2.75
          },
          "4,13",
          {
            "w": 1.25
          },
          "4,12"
        ]
      ]
  },
  "vial": {
      "vibl": true,
      "midi": "advanced"
  }
}