
{
  "name": "w-alice(STM32)",
  "vendorId": "0x0000",
  "productId": "0xFEED",
  "lighting": "vialrgb",
  "matrix": {
    "rows": 5,
    "cols": 14
  },
  "layouts": {
      "keymap": [
        [
          {
            "y": 0.9,
            "x": 0.55
          },
          "1,0",
          {
            "x": 2.1500000000000004
          },
          "0,2",
          {
            "x": 8.55
          },
          "0,9"
        ],
        [
          {
            "y": -0.9,
            "x": 1.7
          },
          "0,0",
          "0,1",
          {
            "x": 10.55
          },
          "0,8",
          {
            "w": 2
          },
          "0,7"
        ],
        [
          {
            "y": -0.10000000000000009,
            "x": 0.35
          },
          "2,0"
        ],
        [
          {
            "y": -0.95,
            "x": 12.95
          },
          "1,9"
        ],
        [
          {
            "y": -0.9500000000000002,
            "x": 1.85
          },
          "1,1",
          {
            "x": 0.1499999999999999
          },
          "1,2",
          {
            "x": 9.95
          },
          "1,8",
          "1,7",
          {
            "x": 0.3000000000000007
          },
          "2,7"
        ],
        [
          {
            "y": -0.10000000000000009,
            "x": 0.15
          },
          "3,0"
        ],
        [
          {
            "y": -0.8999999999999999,
            "x": 1.85
          },
          "2,1",
          {
            "x": 0.19999999999999973
          },
          "2,2",
          {
            "x": 9.349999999999998
          },
          "2,9",
          "2,8",
          {
            "x": 0.20000000000000107,
            "w": 2
          },
          "3,7"
        ],
        [
          {
            "y": -0.10000000000000009,
            "x": 0.05
          },
          "4,2"
        ],
        [
          {
            "y": -0.9000000000000004,
            "x": 1.6,
            "w": 1.5
          },
          "3,1",
          {
            "x": 0.25
          },
          "3,2",
          {
            "x": 8.75
          },
          "3,9",
          "3,8",
          {
            "x": 0.5,
            "w": 2
          },
          "4,7"
        ],
        [
          {
            "x": 1.4
          },
          "4,3",
          {
            "x": 0.6000000000000001
          },
          "4,4",
          {
            "x": 9.3
          },
          "4,11",
          "4,10",
          "4,9",
          "4,8"
        ],
        [
          {
            "r": 12,
            "y": -6,
            "x": 5
          },
          "0,3",
          "0,4",
          "0,5",
          "0,6"
        ],
        [
          {
            "x": 4.5
          },
          "1,3",
          "1,4",
          "1,5",
          "1,6"
        ],
        [
          {
            "x": 4.8
          },
          "2,3",
          "2,4",
          "2,5",
          "2,6"
        ],
        [
          {
            "x": 5.3
          },
          "3,3",
          "3,4",
          "3,5",
          "3,6"
        ],
        [
          {
            "x": 5.55
          },
          "4,5",
          {
            "x": 0.2999999999999998,
            "w": 2
          },
          "4,6"
        ],
        [
          {
            "r": -12,
            "y": -1.4000000000000004,
            "x": 8.55
          },
          "0,13",
          "0,12",
          "0,11",
          "0,10"
        ],
        [
          {
            "x": 8.05
          },
          "1,13",
          "1,12",
          "1,11",
          "1,10"
        ],
        [
          {
            "x": 8.2
          },
          "2,13",
          "2,12",
          "2,11",
          "2,10"
        ],
        [
          {
            "x": 7.75
          },
          "3,13",
          "3,12",
          "3,11",
          "3,10"
        ],
        [
          {
            "x": 8.25,
            "w": 2
          },
          "4,13"
        ],
        [
          {
            "y": -0.9499999999999993,
            "x": 10.7
          },
          "4,12"
        ]
      ]
  },
  "vial": {
      "vibl": true,
      "midi": "advanced"
  }
}